"Sku,","Product, ","Brand,","Style,","Qty on hand,","Qty on shelf,","Qty Ordered on shelf,","Qty in carts,","Qty Sold,","Total Waitlist,","Total Waitlist Authorized,","Price,","Cost,","Size,","Color,","Location,","Shipping,",Weight,
1030,101 Spots,TheMadHatterStoreTN,,0,0,0,0,0,0,0,39.99,17.25,XL,,,,16,i-1
1030,101 Spots,TheMadHatterStoreTN,,0,0,0,0,0,0,0,39.99,17.25,1XL,,,,16,i-2
1030,101 Spots,TheMadHatterStoreTN,,0,0,0,0,0,0,0,39.99,17.25,2XL,,,,16,i-3
1013,Animal Party,TheMadHatterStoreTN,,0,0,0,0,0,1,0,19.99,14.75,1XL,,,,16,i-4
1013,Animal Party,TheMadHatterStoreTN,,0,0,0,0,0,0,0,19.99,14.75,2XL,,,,16,i-5
1013,Animal Party,TheMadHatterStoreTN,,0,0,0,0,0,1,0,19.99,14.75,3XL,,,,16,i-6
1004,Apricot Adorable *Final Sale*,TheMadHatterStoreTN,,2,0,0,0,0,0,0,43.99,17.5,1XL,,,,16,i-7
1004,Apricot Adorable *Final Sale*,TheMadHatterStoreTN,,2,0,0,0,0,0,0,43.99,17.5,2XL,,,,16,i-8
1004,Apricot Adorable *Final Sale*,TheMadHatterStoreTN,,2,0,0,0,0,0,0,43.99,17.5,3XL,,,,16,i-9
1046,"Baby Doll Tank, Orchid, Light Denim, Pink",TheMadHatterStoreTN,,2,0,0,0,0,0,0,17.99,6.95,1X,ORCHID,,,16,i-10
1046,"Baby Doll Tank, Orchid, Light Denim, Pink",TheMadHatterStoreTN,,0,0,0,0,0,0,0,17.99,6.95,1X,LOVE PINK,,,16,i-11
1046,"Baby Doll Tank, Orchid, Light Denim, Pink",TheMadHatterStoreTN,,0,0,0,0,0,0,0,17.99,6.95,1X,LIGHT DENIM,,,16,i-12
1046,"Baby Doll Tank, Orchid, Light Denim, Pink",TheMadHatterStoreTN,,1,0,0,0,0,0,0,17.99,6.95,2X,ORCHID,,,16,i-13
1046,"Baby Doll Tank, Orchid, Light Denim, Pink",TheMadHatterStoreTN,,1,0,0,0,0,0,0,17.99,6.95,2X,LOVE PINK,,,16,i-14
1046,"Baby Doll Tank, Orchid, Light Denim, Pink",TheMadHatterStoreTN,,1,0,0,0,0,0,0,17.99,6.95,2X,LIGHT DENIM,,,16,i-15
1046,"Baby Doll Tank, Orchid, Light Denim, Pink",TheMadHatterStoreTN,,1,0,0,0,0,0,0,17.99,6.95,3X,ORCHID,,,16,i-16
1046,"Baby Doll Tank, Orchid, Light Denim, Pink",TheMadHatterStoreTN,,1,0,0,0,1,0,0,17.99,6.95,3X,LOVE PINK,,,16,i-17
1046,"Baby Doll Tank, Orchid, Light Denim, Pink",TheMadHatterStoreTN,,0,0,0,0,0,1,0,17.99,6.95,3X,LIGHT DENIM,,,16,i-18
1008,Beach Party *Final Sale*,TheMadHatterStoreTN,,2,0,0,0,0,0,0,39.99,15.75,XL,,,,16,i-19
1008,Beach Party *Final Sale*,TheMadHatterStoreTN,,2,0,0,0,0,0,0,39.99,15.75,1XL,,,,16,i-20
1008,Beach Party *Final Sale*,TheMadHatterStoreTN,,1,0,0,0,0,0,0,39.99,15.75,2XL,,,,16,i-21
1015,Blue Jean Baby *Final Sale*,TheMadHatterStoreTN,,1,0,0,0,0,0,0,34.99,18.25,XL,,,,16,i-22
1015,Blue Jean Baby *Final Sale*,TheMadHatterStoreTN,,1,0,0,0,0,0,0,34.99,18.25,1XL,,,,16,i-23
1015,Blue Jean Baby *Final Sale*,TheMadHatterStoreTN,,0,0,0,0,0,0,0,34.99,18.25,2XL,,,,16,i-24
1048,Blue Summer *Final Sale*,TheMadHatterStoreTN,,1,0,0,0,0,0,0,42.99,19.25,XL,,,,16,i-25
1048,Blue Summer *Final Sale*,TheMadHatterStoreTN,,1,0,0,0,0,0,0,42.99,19.25,1XL,,,,16,i-26
1048,Blue Summer *Final Sale*,TheMadHatterStoreTN,,1,0,0,0,0,0,0,42.99,19.25,2XL,,,,16,i-27
1063,Bubble Sleeve Top *Final Sale*,TheMadHatterStoreTN,,2,0,0,0,0,0,0,39.99,16.9,1XL,CREAM,,,16,i-28
1063,Bubble Sleeve Top *Final Sale*,TheMadHatterStoreTN,,2,0,0,0,0,0,0,39.99,16.9,1XL,BLUSH,,,16,i-29
1063,Bubble Sleeve Top *Final Sale*,TheMadHatterStoreTN,,2,0,0,0,0,0,0,39.99,16.9,2XL,CREAM,,,16,i-30
1063,Bubble Sleeve Top *Final Sale*,TheMadHatterStoreTN,,1,0,0,0,0,0,0,39.99,16.9,2XL,BLUSH,,,16,i-31
1063,Bubble Sleeve Top *Final Sale*,TheMadHatterStoreTN,,2,0,0,0,0,0,0,39.99,16.9,3XL,CREAM,,,16,i-32
1063,Bubble Sleeve Top *Final Sale*,TheMadHatterStoreTN,,1,0,0,0,0,0,0,39.99,16.9,3XL,BLUSH,,,16,i-33
1055,Camo Flares *Final Sale*,TheMadHatterStoreTN,,0,0,0,0,0,0,0,39.99,16,14,,,,16,i-34
1055,Camo Flares *Final Sale*,TheMadHatterStoreTN,,1,0,0,0,0,0,0,39.99,16,16,,,,16,i-35
1055,Camo Flares *Final Sale*,TheMadHatterStoreTN,,0,0,0,0,0,0,0,39.99,16,18,,,,16,i-36
1055,Camo Flares *Final Sale*,TheMadHatterStoreTN,,0,0,0,0,0,0,0,39.99,16,20,,,,16,i-37
1055,Camo Flares *Final Sale*,TheMadHatterStoreTN,,0,0,0,0,0,0,0,39.99,16,22,,,,16,i-38
1031,Circus Shorts *Final Sale*,TheMadHatterStoreTN,,2,0,0,0,0,0,0,35.99,15.25,XL,,,,16,i-39
1031,Circus Shorts *Final Sale*,TheMadHatterStoreTN,,2,0,0,0,0,0,0,35.99,15.25,1XL,,,,16,i-40
1031,Circus Shorts *Final Sale*,TheMadHatterStoreTN,,1,0,0,0,0,0,0,35.99,15.25,2XL,,,,16,i-41
1019,Cool Carrot Tank,TheMadHatterStoreTN,,0,0,0,0,0,0,0,38.99,17.25,XL,,,,16,i-42
1019,Cool Carrot Tank,TheMadHatterStoreTN,,1,0,0,0,0,0,0,38.99,17.25,1XL,,,,16,i-43
1019,Cool Carrot Tank,TheMadHatterStoreTN,,0,0,0,0,0,0,0,38.99,17.25,2XL,,,,16,i-44
1033,Cool Mint Tank,TheMadHatterStoreTN,,2,0,0,0,0,0,0,38.99,17.25,XL,,,,16,i-45
1033,Cool Mint Tank,TheMadHatterStoreTN,,0,0,0,0,0,0,0,38.99,17.25,1XL,,,,16,i-46
1033,Cool Mint Tank,TheMadHatterStoreTN,,0,0,0,0,0,0,0,38.99,17.25,2XL,,,,16,i-47
1040,Coral Kimono *Final Sale*,TheMadHatterStoreTN,,1,0,0,0,0,0,0,35.99,17.25,XL/1XL,,,,16,i-48
1040,Coral Kimono *Final Sale*,TheMadHatterStoreTN,,2,0,0,0,0,0,0,35.99,17.25,1X/2XL,,,,16,i-49
1022,Covered In Leopard,TheMadHatterStoreTN,,1,0,0,0,0,0,0,62.99,25,XL,,,,16,i-50
1022,Covered In Leopard,TheMadHatterStoreTN,,0,0,0,0,0,0,0,62.99,25,3XL,,,,16,i-51
1022,Covered In Leopard,TheMadHatterStoreTN,,0,0,0,0,0,0,0,62.99,25,2XL,,,,16,i-52
1047,Dalmatian Dress *Final Sale*,TheMadHatterStoreTN,,0,0,0,0,0,0,0,49.99,24.5,XL,,,,16,i-53
1047,Dalmatian Dress *Final Sale*,TheMadHatterStoreTN,,1,0,0,0,0,0,0,49.99,24.5,1XL,,,,16,i-54
1047,Dalmatian Dress *Final Sale*,TheMadHatterStoreTN,,0,0,0,0,0,0,0,49.99,24.5,2XL,,,,16,i-55
1089,Denim Toole Top,TheMadHatterStoreTN,,2,0,0,0,0,0,0,32.99,15,XL,,,,16,i-56
1089,Denim Toole Top,TheMadHatterStoreTN,,2,0,0,0,0,0,0,32.99,15,2XL,,,,16,i-57
1089,Denim Toole Top,TheMadHatterStoreTN,,2,0,0,0,0,0,0,32.99,15,3XL,,,,16,i-58
1037,Desert in the Sun Dress,TheMadHatterStoreTN,,3,0,0,0,0,0,0,41.99,18.38,XL,,,,16,i-59
1037,Desert in the Sun Dress,TheMadHatterStoreTN,,2,0,0,0,0,0,0,41.99,18.38,1XL,,,,16,i-60
1037,Desert in the Sun Dress,TheMadHatterStoreTN,,1,0,0,0,0,0,0,41.99,18.38,2XL,,,,16,i-61
1021,Distressed Denim Jacket,TheMadHatterStoreTN,,0,0,0,0,0,0,0,35.99,16.5,1XL,,,,16,i-62
1021,Distressed Denim Jacket,TheMadHatterStoreTN,,0,0,0,0,0,0,0,35.99,16.5,2XL,,,,16,i-63
1021,Distressed Denim Jacket,TheMadHatterStoreTN,,0,0,0,0,0,0,0,35.99,16.5,3XL,,,,16,i-64
1007,Floral Fun *Final Sale*,TheMadHatterStoreTN,,2,0,0,0,0,0,0,39.99,18.75,1XL,Sky Blue,,,16,i-65
1007,Floral Fun *Final Sale*,TheMadHatterStoreTN,,2,0,0,0,0,0,0,39.99,18.75,1XL,Lime Green,,,16,i-66
1007,Floral Fun *Final Sale*,TheMadHatterStoreTN,,0,0,0,0,0,0,0,39.99,18.75,2XL,Sky Blue,,,16,i-67
1007,Floral Fun *Final Sale*,TheMadHatterStoreTN,,2,0,0,0,0,0,0,39.99,18.75,2XL,Lime Green,,,16,i-68
1007,Floral Fun *Final Sale*,TheMadHatterStoreTN,,1,0,0,0,0,0,0,39.99,18.75,3XL,Sky Blue,,,16,i-69
1007,Floral Fun *Final Sale*,TheMadHatterStoreTN,,0,0,0,0,0,0,0,39.99,18.75,3XL,Lime Green,,,16,i-70
1050,Flower Girl Dress *Final Sale*,TheMadHatterStoreTN,,0,0,0,0,0,0,0,49.99,21.25,XL,,,,16,i-71
1050,Flower Girl Dress *Final Sale*,TheMadHatterStoreTN,,2,0,0,0,0,0,0,49.99,21.25,1XL,,,,16,i-72
1050,Flower Girl Dress *Final Sale*,TheMadHatterStoreTN,,0,0,0,0,0,0,0,49.99,21.25,2XL,,,,16,i-73
1060,Flower Power Kimono,TheMadHatterStoreTN,,0,0,0,0,0,0,0,45.99,0,XL,,,,16,i-74
1060,Flower Power Kimono,TheMadHatterStoreTN,,2,0,0,0,0,0,0,45.99,0,2X,,,,16,i-75
1060,Flower Power Kimono,TheMadHatterStoreTN,,2,0,0,0,0,0,0,45.99,0,3X,,,,16,i-76
1017,Frayed Tank,TheMadHatterStoreTN,,3,0,0,0,0,0,0,31.99,0,XL,BLACK,,,16,i-77
1017,Frayed Tank,TheMadHatterStoreTN,,3,0,0,0,0,0,0,31.99,0,XL,HOT PINK,,,16,i-78
1017,Frayed Tank,TheMadHatterStoreTN,,2,0,0,0,0,0,0,31.99,0,1XL,BLACK,,,16,i-79
1017,Frayed Tank,TheMadHatterStoreTN,,2,0,0,0,0,0,0,31.99,0,1XL,HOT PINK,,,16,i-80
1017,Frayed Tank,TheMadHatterStoreTN,,0,0,0,0,0,0,0,31.99,0,2XL,BLACK,,,16,i-81
1017,Frayed Tank,TheMadHatterStoreTN,,1,0,0,0,0,0,0,31.99,0,2XL,HOT PINK,,,16,i-82
1064,Fuchsia Top,TheMadHatterStoreTN,,1,0,0,0,0,0,0,19.99,0,XL,,,,16,i-83
1064,Fuchsia Top,TheMadHatterStoreTN,,2,0,0,0,0,0,0,19.99,0,2XL,,,,16,i-84
1064,Fuchsia Top,TheMadHatterStoreTN,,1,0,0,0,0,0,0,19.99,0,3XL,,,,16,i-85
1010,Get Lucky *Final Sale*,TheMadHatterStoreTN,,1,0,0,0,0,0,0,33.99,16.75,1XL,,,,16,i-86
1010,Get Lucky *Final Sale*,TheMadHatterStoreTN,,1,0,0,0,0,0,0,33.99,16.75,2XL,,,,16,i-87
1010,Get Lucky *Final Sale*,TheMadHatterStoreTN,,1,0,0,0,0,0,0,33.99,16.75,3XL,,,,16,i-88
1012,Gettin' Snakey,TheMadHatterStoreTN,,0,0,0,0,0,0,0,29.99,14.5,1XL,,,,16,i-89
1012,Gettin' Snakey,TheMadHatterStoreTN,,1,0,0,0,0,0,0,29.99,14.5,2XL,,,,16,i-90
1012,Gettin' Snakey,TheMadHatterStoreTN,,0,0,0,0,0,0,0,29.99,14.5,3XL,,,,16,i-91
1025,Girl's Night Out Romper *Final Sale*,TheMadHatterStoreTN,,0,0,0,0,0,0,0,49.99,18.5,1X,,,,16,i-92
1025,Girl's Night Out Romper *Final Sale*,TheMadHatterStoreTN,,2,0,0,0,0,0,0,49.99,18.5,2X,,,,16,i-93
1025,Girl's Night Out Romper *Final Sale*,TheMadHatterStoreTN,,1,0,0,0,0,0,0,49.99,18.5,3X,,,,16,i-94
1038,Golden Sunflower *Final Sale*,TheMadHatterStoreTN,,1,0,0,0,0,0,0,42.99,17.25,XL,,,,16,i-95
1038,Golden Sunflower *Final Sale*,TheMadHatterStoreTN,,0,0,0,0,0,0,0,42.99,17.25,1XL,,,,16,i-96
1038,Golden Sunflower *Final Sale*,TheMadHatterStoreTN,,0,0,0,0,0,0,0,42.99,17.25,2XL,,,,16,i-97
1028,Good Vibes Tee,TheMadHatterStoreTN,,0,0,0,0,0,0,0,27.99,0,1XL,,,,16,i-98
1028,Good Vibes Tee,TheMadHatterStoreTN,,2,0,0,0,0,0,0,27.99,0,2XL,,,,16,i-99
1028,Good Vibes Tee,TheMadHatterStoreTN,,0,0,0,0,0,0,0,27.99,0,3XL,,,,16,i-100
1014,Hot Pink Hottie *Final Sale*,TheMadHatterStoreTN,,3,0,0,0,0,0,0,34.99,18.25,XL,,,,16,i-101
1014,Hot Pink Hottie *Final Sale*,TheMadHatterStoreTN,,1,0,0,0,0,0,0,34.99,18.25,1XL,,,,16,i-102
1014,Hot Pink Hottie *Final Sale*,TheMadHatterStoreTN,,1,0,0,0,0,0,0,34.99,18.25,2XL,,,,16,i-103
1020,Jump Into Summer *Final Sale*,TheMadHatterStoreTN,,0,0,0,0,0,0,0,45.99,18.25,XL,,,,16,i-104
1020,Jump Into Summer *Final Sale*,TheMadHatterStoreTN,,0,0,0,0,0,0,0,45.99,18.25,1XL,,,,16,i-105
1020,Jump Into Summer *Final Sale*,TheMadHatterStoreTN,,1,0,0,0,0,0,0,45.99,18.25,2XL,,,,16,i-106
1006,Just Peachy *Final Sale*,TheMadHatterStoreTN,,2,0,0,0,0,0,0,46.99,23.9,1XL,,,,16,i-107
1006,Just Peachy *Final Sale*,TheMadHatterStoreTN,,2,0,0,0,0,0,0,46.99,23.9,2XL,,,,16,i-108
1006,Just Peachy *Final Sale*,TheMadHatterStoreTN,,1,0,0,0,0,0,0,46.99,23.9,3XL,,,,16,i-109
1011,Lacey Summer,TheMadHatterStoreTN,,1,0,0,0,0,0,0,24.99,11.75,1XL,,,,16,i-110
1011,Lacey Summer,TheMadHatterStoreTN,,0,0,0,0,0,0,0,24.99,11.75,2XL,,,,16,i-111
1043,Laid Back Day,TheMadHatterStoreTN,,2,0,0,0,0,0,0,49.99,22.99,XL/1XL,BLACK,,,16,i-112
1043,Laid Back Day,TheMadHatterStoreTN,,3,0,0,0,0,0,0,49.99,22.99,XL/1XL,TAUPE,,,16,i-113
1043,Laid Back Day,TheMadHatterStoreTN,,1,0,0,0,0,0,0,49.99,22.99,1XL/2XL,BLACK,,,16,i-114
1043,Laid Back Day,TheMadHatterStoreTN,,3,0,0,0,0,0,0,49.99,22.99,1XL/2XL,TAUPE,,,16,i-115
1049,Leopard Always Has Your Back,TheMadHatterStoreTN,,0,0,0,0,0,0,0,49.99,20.25,XL,OATMEAL,,,16,i-116
1049,Leopard Always Has Your Back,TheMadHatterStoreTN,,0,0,0,0,0,0,0,49.99,20.25,XL,BLACK,,,16,i-117
1049,Leopard Always Has Your Back,TheMadHatterStoreTN,,0,0,0,0,0,0,0,49.99,20.25,1XL,OATMEAL,,,16,i-118
1049,Leopard Always Has Your Back,TheMadHatterStoreTN,,0,0,0,0,0,0,0,49.99,20.25,1XL,BLACK,,,16,i-119
1049,Leopard Always Has Your Back,TheMadHatterStoreTN,,0,0,0,0,0,0,0,49.99,20.25,2XL,OATMEAL,,,16,i-120
1049,Leopard Always Has Your Back,TheMadHatterStoreTN,,0,0,0,0,0,0,0,49.99,20.25,2XL,BLACK,,,16,i-121
1018,Leopard Baby,TheMadHatterStoreTN,,0,0,0,0,0,0,0,38.99,17.25,XL,,,,16,i-122
1018,Leopard Baby,TheMadHatterStoreTN,,0,0,0,0,0,0,0,38.99,17.25,1XL,,,,16,i-123
1018,Leopard Baby,TheMadHatterStoreTN,,0,0,0,0,0,0,0,38.99,17.25,2XL,,,,16,i-124
1051,Leopard Braided Slip-on Sandal,TheMadHatterStoreTN,,0,0,0,0,0,0,0,24.99,7.25,5.5,,,,24,i-125
1051,Leopard Braided Slip-on Sandal,TheMadHatterStoreTN,,0,0,0,0,0,0,0,24.99,7.25,6,,,,24,i-126
1051,Leopard Braided Slip-on Sandal,TheMadHatterStoreTN,,1,0,0,0,0,0,0,24.99,7.25,6.5,,,,24,i-127
1051,Leopard Braided Slip-on Sandal,TheMadHatterStoreTN,,1,0,0,0,0,0,0,24.99,7.25,7,,,,24,i-128
1051,Leopard Braided Slip-on Sandal,TheMadHatterStoreTN,,1,0,0,0,0,0,0,24.99,7.25,7.5,,,,24,i-129
1051,Leopard Braided Slip-on Sandal,TheMadHatterStoreTN,,2,0,0,0,0,0,0,24.99,7.25,8,,,,24,i-130
1051,Leopard Braided Slip-on Sandal,TheMadHatterStoreTN,,3,0,0,0,0,0,0,24.99,7.25,8.5,,,,24,i-131
1051,Leopard Braided Slip-on Sandal,TheMadHatterStoreTN,,2,0,0,0,0,0,0,24.99,7.25,9,,,,24,i-132
1051,Leopard Braided Slip-on Sandal,TheMadHatterStoreTN,,0,0,0,0,0,0,0,24.99,7.25,10,,,,24,i-133
1056,Leopard Cutout Top,TheMadHatterStoreTN,,1,0,0,0,0,0,0,29.99,0,1X,,,,16,i-134
1056,Leopard Cutout Top,TheMadHatterStoreTN,,2,0,0,0,0,0,0,29.99,0,2X,,,,16,i-135
1056,Leopard Cutout Top,TheMadHatterStoreTN,,0,0,0,0,0,0,0,29.99,0,3X,,,,16,i-136
1002,Leopard Love *Final Sale*,TheMadHatterStoreTN,,1,0,0,0,0,0,0,39.99,15.9,1X,,,,16,i-137
1002,Leopard Love *Final Sale*,TheMadHatterStoreTN,,0,0,0,0,0,0,0,39.99,15.9,2X,,,,16,i-138
1002,Leopard Love *Final Sale*,TheMadHatterStoreTN,,1,0,0,0,0,0,0,39.99,15.9,3X,,,,16,i-139
1065,Leopard Stripe Flare Jeans,TheMadHatterStoreTN,,0,0,0,0,0,0,0,39.99,0,14,,,,16,i-140
1065,Leopard Stripe Flare Jeans,TheMadHatterStoreTN,,1,0,0,0,0,0,0,39.99,0,16,,,,16,i-141
1065,Leopard Stripe Flare Jeans,TheMadHatterStoreTN,,1,0,0,0,0,0,0,39.99,0,18,,,,16,i-142
1065,Leopard Stripe Flare Jeans,TheMadHatterStoreTN,,1,0,0,0,0,0,0,39.99,0,20,,,,16,i-143
1065,Leopard Stripe Flare Jeans,TheMadHatterStoreTN,,0,0,0,0,0,0,0,39.99,0,22,,,,16,i-144
1016,Light and Bright,TheMadHatterStoreTN,,1,0,0,0,0,0,0,38.99,0,XL,,,,16,i-145
1016,Light and Bright,TheMadHatterStoreTN,,2,0,0,0,0,0,0,38.99,0,1XL,,,,16,i-146
1016,Light and Bright,TheMadHatterStoreTN,,0,0,0,0,0,0,0,38.99,0,2XL,,,,16,i-147
1059,Mint Boyfriend Jeans,TheMadHatterStoreTN,,0,0,0,0,0,0,0,39.99,0,14,,,,16,i-148
1059,Mint Boyfriend Jeans,TheMadHatterStoreTN,,1,0,0,0,0,0,0,39.99,0,16,,,,16,i-149
1059,Mint Boyfriend Jeans,TheMadHatterStoreTN,,0,0,0,0,0,0,0,39.99,0,18,,,,16,i-150
1059,Mint Boyfriend Jeans,TheMadHatterStoreTN,,0,0,0,0,0,0,0,39.99,0,20,,,,16,i-151
1057,Mustard Flares,TheMadHatterStoreTN,,1,0,0,0,0,0,0,45.99,20,14,,,,16,i-152
1057,Mustard Flares,TheMadHatterStoreTN,,1,0,0,0,0,0,0,45.99,20,16,,,,16,i-153
1057,Mustard Flares,TheMadHatterStoreTN,,2,0,0,0,0,0,0,45.99,20,18,,,,16,i-154
1057,Mustard Flares,TheMadHatterStoreTN,,0,0,0,0,0,0,0,45.99,20,20,,,,16,i-155
1057,Mustard Flares,TheMadHatterStoreTN,,0,0,0,0,0,0,0,45.99,20,22,,,,16,i-156
1062,Mustard Scoop Neck Top,TheMadHatterStoreTN,,2,0,0,0,0,0,0,19.99,0,XL,,,,16,i-157
1062,Mustard Scoop Neck Top,TheMadHatterStoreTN,,1,0,0,0,0,0,0,19.99,0,2XL,,,,16,i-158
1062,Mustard Scoop Neck Top,TheMadHatterStoreTN,,2,0,0,0,0,0,0,19.99,0,3XL,,,,16,i-159
1009,Never Lose Your Spots *Final Sale*,TheMadHatterStoreTN,,1,0,0,0,0,0,0,27.99,13.75,XL,,,,16,i-160
1009,Never Lose Your Spots *Final Sale*,TheMadHatterStoreTN,,0,0,0,0,0,0,0,27.99,13.75,1XL,,,,16,i-161
1009,Never Lose Your Spots *Final Sale*,TheMadHatterStoreTN,,0,0,0,0,0,0,0,27.99,13.75,2XL,,,,16,i-162
1024,Off The Shoulder Flounce Top,TheMadHatterStoreTN,,0,0,0,0,0,0,0,34.99,13.75,1XL,,,,16,i-163
1024,Off The Shoulder Flounce Top,TheMadHatterStoreTN,,2,0,0,0,0,0,0,34.99,13.75,2XL,,,,16,i-164
1024,Off The Shoulder Flounce Top,TheMadHatterStoreTN,,1,0,0,0,0,0,0,34.99,13.75,3XL,,,,16,i-165
1039,Onyx Wide Leg Pants,TheMadHatterStoreTN,,1,0,0,0,0,0,0,37.99,0,XL,,,,16,i-166
1039,Onyx Wide Leg Pants,TheMadHatterStoreTN,,2,0,0,0,0,0,0,37.99,0,1XL,,,,16,i-167
1039,Onyx Wide Leg Pants,TheMadHatterStoreTN,,0,0,0,0,0,0,0,37.99,0,2XL,,,,16,i-168
1044,Relaxed Summer Jumper *Final Sale*,TheMadHatterStoreTN,,2,0,0,0,0,0,0,39.99,15.95,1XL,,,,16,i-169
1044,Relaxed Summer Jumper *Final Sale*,TheMadHatterStoreTN,,2,0,0,0,0,0,0,39.99,15.95,2XL,,,,16,i-170
1044,Relaxed Summer Jumper *Final Sale*,TheMadHatterStoreTN,,0,0,0,0,0,0,0,39.99,15.95,3XL,,,,16,i-171
1003,Rose All Day *Final Sale*,TheMadHatterStoreTN,,0,0,0,0,0,0,0,48.99,19.5,1XL,,,,16,i-172
1003,Rose All Day *Final Sale*,TheMadHatterStoreTN,,1,0,0,0,0,0,0,48.99,19.5,2XL,,,,16,i-173
1003,Rose All Day *Final Sale*,TheMadHatterStoreTN,,0,0,0,0,0,0,0,48.99,19.5,3XL,,,,16,i-174
1026,Ruffle Cold Shoulder Top *Final Sale*,TheMadHatterStoreTN,,0,0,0,0,0,0,0,29.99,15,1X,,,,16,i-175
1026,Ruffle Cold Shoulder Top *Final Sale*,TheMadHatterStoreTN,,1,0,0,0,0,0,0,29.99,15,2X,,,,16,i-176
1026,Ruffle Cold Shoulder Top *Final Sale*,TheMadHatterStoreTN,,1,0,0,0,0,0,0,29.99,15,3X,,,,16,i-177
1032,Ruffled Off the Shoulder Top *Final Sale*,TheMadHatterStoreTN,,2,0,0,0,0,0,0,35.99,15.25,XL,,,,16,i-178
1032,Ruffled Off the Shoulder Top *Final Sale*,TheMadHatterStoreTN,,2,0,0,0,0,0,0,35.99,15.25,1XL,,,,16,i-179
1032,Ruffled Off the Shoulder Top *Final Sale*,TheMadHatterStoreTN,,1,0,0,0,0,0,0,35.99,15.25,2XL,,,,16,i-180
1041,Rusty Scalloped Dress,TheMadHatterStoreTN,,3,0,0,0,0,0,0,39.99,18.25,XL,,,,16,i-181
1041,Rusty Scalloped Dress,TheMadHatterStoreTN,,2,0,0,0,0,0,0,39.99,18.25,1XL,,,,16,i-182
1041,Rusty Scalloped Dress,TheMadHatterStoreTN,,1,0,0,0,0,0,0,39.99,18.25,2XL,,,,16,i-183
1005,Sage Is The Rage *Final Sale*,TheMadHatterStoreTN,,2,0,0,0,0,0,0,39.99,15.9,1XL,,,,16,i-184
1005,Sage Is The Rage *Final Sale*,TheMadHatterStoreTN,,2,0,0,0,0,0,0,39.99,15.9,2XL,,,,16,i-185
1005,Sage Is The Rage *Final Sale*,TheMadHatterStoreTN,,2,0,0,0,0,0,0,39.99,15.9,3XL,,,,16,i-186
1053,Sequin Summer Top,TheMadHatterStoreTN,,2,0,0,0,0,0,0,49.99,18.75,1X,,,,16,i-187
1053,Sequin Summer Top,TheMadHatterStoreTN,,1,0,0,0,0,0,0,49.99,18.75,2X,,,,16,i-188
1053,Sequin Summer Top,TheMadHatterStoreTN,,1,0,0,0,0,0,0,49.99,18.75,3X,,,,16,i-189
1036,Shamrock Dress,TheMadHatterStoreTN,,3,0,0,0,0,0,0,45.99,17.25,XL,,,,16,i-190
1036,Shamrock Dress,TheMadHatterStoreTN,,2,0,0,0,0,0,0,45.99,17.25,1XL,,,,16,i-191
1036,Shamrock Dress,TheMadHatterStoreTN,,1,0,0,0,0,0,0,45.99,17.25,2XL,,,,16,i-192
1052,Slip-on Rose Gold Sandals,TheMadHatterStoreTN,,1,0,0,0,0,0,0,24.99,6.85,5,,,,24,i-193
1052,Slip-on Rose Gold Sandals,TheMadHatterStoreTN,,1,0,0,0,0,0,0,24.99,6.85,5.5,,,,24,i-194
1052,Slip-on Rose Gold Sandals,TheMadHatterStoreTN,,2,0,0,0,0,0,0,24.99,6.85,6,,,,24,i-195
1052,Slip-on Rose Gold Sandals,TheMadHatterStoreTN,,2,0,0,0,0,0,0,24.99,6.85,6.5,,,,24,i-196
1052,Slip-on Rose Gold Sandals,TheMadHatterStoreTN,,1,0,0,0,0,0,0,24.99,6.85,7,,,,24,i-197
1052,Slip-on Rose Gold Sandals,TheMadHatterStoreTN,,1,0,0,0,0,0,0,24.99,6.85,7.5,,,,24,i-198
1052,Slip-on Rose Gold Sandals,TheMadHatterStoreTN,,1,0,0,0,0,0,0,24.99,6.85,8,,,,24,i-199
1052,Slip-on Rose Gold Sandals,TheMadHatterStoreTN,,2,0,0,0,0,0,0,24.99,6.85,8.5,,,,24,i-200
1052,Slip-on Rose Gold Sandals,TheMadHatterStoreTN,,0,0,0,0,0,0,0,24.99,6.85,9,,,,24,i-201
1052,Slip-on Rose Gold Sandals,TheMadHatterStoreTN,,0,0,0,0,0,0,0,24.99,6.85,10,,,,24,i-202
1029,Smocked Waist Dress *Final Sale*,TheMadHatterStoreTN,,2,0,0,0,0,0,0,49.99,18.75,XL,,,,16,i-203
1029,Smocked Waist Dress *Final Sale*,TheMadHatterStoreTN,,2,0,0,0,0,0,0,49.99,18.75,1XL,,,,16,i-204
1029,Smocked Waist Dress *Final Sale*,TheMadHatterStoreTN,,0,0,0,0,0,0,0,49.99,18.75,2XL,,,,16,i-205
1045,Southern Belle Top *Final Sale*,TheMadHatterStoreTN,,1,0,0,0,0,0,0,29.99,12,1X,,,,16,i-206
1045,Southern Belle Top *Final Sale*,TheMadHatterStoreTN,,2,0,0,0,0,0,0,29.99,12,2X,,,,16,i-207
1045,Southern Belle Top *Final Sale*,TheMadHatterStoreTN,,1,0,0,0,0,0,0,29.99,12,3X,,,,16,i-208
1045,Southern Belle Top *Final Sale*,TheMadHatterStoreTN,,1,0,0,0,0,0,0,29.99,12,4X,,,,16,i-209
1001,Sunny Dayz *Final Sale*,TheMadHatterStoreTN,,2,0,0,0,0,0,0,34.99,13.9,1XL,,,,16,i-210
1001,Sunny Dayz *Final Sale*,TheMadHatterStoreTN,,2,0,0,0,0,0,0,34.99,13.9,2XL,,,,16,i-211
1001,Sunny Dayz *Final Sale*,TheMadHatterStoreTN,,2,0,0,0,0,0,0,34.99,13.9,3XL,,,,16,i-212
1035,Tassel Time Short Sleeve Top,TheMadHatterStoreTN,,1,0,0,0,0,0,0,34.99,16.25,XL,,,,16,i-213
1035,Tassel Time Short Sleeve Top,TheMadHatterStoreTN,,1,0,0,0,0,0,0,34.99,16.25,1XL,,,,16,i-214
1035,Tassel Time Short Sleeve Top,TheMadHatterStoreTN,,0,0,0,0,0,0,0,34.99,16.25,2XL,,,,16,i-215
1027,Throw On and Go Shorts,TheMadHatterStoreTN,,1,0,0,0,0,0,0,37.99,17.5,XL,BLACK,,,16,i-216
1027,Throw On and Go Shorts,TheMadHatterStoreTN,,2,0,0,0,0,0,0,37.99,17.5,XL,DENIM,,,16,i-217
1027,Throw On and Go Shorts,TheMadHatterStoreTN,,1,0,0,0,0,0,0,37.99,17.5,1XL,BLACK,,,16,i-218
1027,Throw On and Go Shorts,TheMadHatterStoreTN,,1,0,0,0,0,0,0,37.99,17.5,1XL,DENIM,,,16,i-219
1027,Throw On and Go Shorts,TheMadHatterStoreTN,,0,0,0,0,0,1,0,37.99,17.5,2XL,BLACK,,,16,i-220
1027,Throw On and Go Shorts,TheMadHatterStoreTN,,0,0,0,0,0,1,0,37.99,17.5,2XL,DENIM,,,16,i-221
1042,Tie Dye For,TheMadHatterStoreTN,,0,0,0,0,0,0,0,29.99,12.75,1X,,,,16,i-222
1042,Tie Dye For,TheMadHatterStoreTN,,0,0,0,0,0,0,0,29.99,12.75,2X,,,,16,i-223
1042,Tie Dye For,TheMadHatterStoreTN,,0,0,0,0,0,0,0,29.99,12.75,3X,,,,16,i-224
1023,Tie Dye Smocked Top *Final Sale*,TheMadHatterStoreTN,,1,0,0,0,0,0,0,42.99,16.9,1XL,MAUVE,,,16,i-225
1023,Tie Dye Smocked Top *Final Sale*,TheMadHatterStoreTN,,2,0,0,0,0,0,0,42.99,16.9,1XL,GREEN-TURQUOISE,,,16,i-226
1023,Tie Dye Smocked Top *Final Sale*,TheMadHatterStoreTN,,1,0,0,0,0,0,0,42.99,16.9,2XL,MAUVE,,,16,i-227
1023,Tie Dye Smocked Top *Final Sale*,TheMadHatterStoreTN,,1,0,0,0,0,0,0,42.99,16.9,2XL,GREEN-TURQUOISE,,,16,i-228
1023,Tie Dye Smocked Top *Final Sale*,TheMadHatterStoreTN,,0,0,0,0,0,0,0,42.99,16.9,3XL,MAUVE,,,16,i-229
1023,Tie Dye Smocked Top *Final Sale*,TheMadHatterStoreTN,,2,0,0,0,0,0,0,42.99,16.9,3XL,GREEN-TURQUOISE,,,16,i-230
1034,Twisted Rose Off The Shoulder Top,TheMadHatterStoreTN,,2,0,0,0,0,0,0,30.99,14.25,XL,,,,16,i-231
1034,Twisted Rose Off The Shoulder Top,TheMadHatterStoreTN,,2,0,0,0,0,0,0,30.99,14.25,1XL,,,,16,i-232
1034,Twisted Rose Off The Shoulder Top,TheMadHatterStoreTN,,1,0,0,0,0,0,0,30.99,14.25,2XL,,,,16,i-233
1054,Wide Waistband Leggings,TheMadHatterStoreTN,,0,0,0,0,0,0,0,23.99,8.5,1X,VINTAGE LEOPARD,,,16,i-234
1054,Wide Waistband Leggings,TheMadHatterStoreTN,,1,0,0,0,0,0,0,19.99,8.5,1X,VINTAGE CAMO,,,16,i-235
1054,Wide Waistband Leggings,TheMadHatterStoreTN,,0,0,0,0,0,0,0,23.99,8.5,2X,VINTAGE LEOPARD,,,16,i-236
1054,Wide Waistband Leggings,TheMadHatterStoreTN,,0,0,0,0,0,0,0,23.99,8.5,2X,VINTAGE CAMO,,,16,i-237
1054,Wide Waistband Leggings,TheMadHatterStoreTN,,0,0,0,0,0,0,0,23.99,8.5,3X,VINTAGE LEOPARD,,,16,i-238
1054,Wide Waistband Leggings,TheMadHatterStoreTN,,0,0,0,0,0,0,0,23.99,8.5,3X,VINTAGE CAMO,,,16,i-239
1066,Tie Dye For Leggings,TheMadHatterStoreTN,,0,0,0,0,0,0,0,19.99,5,One Size (1X/2X/3X),Pink Mix,,,16,i-240
1066,Tie Dye For Leggings,TheMadHatterStoreTN,,0,0,0,0,0,0,0,19.99,5,One Size (1X/2X/3X),Blue/Green Mix,,,16,i-241
1067,Leopard Leggings,TheMadHatterStoreTN,,3,0,0,0,0,0,0,19.99,5,3X/4X/5X,,,,16,i-242
1068,"Extreme Flare Jeans, Dark, White, Medium",TheMadHatterStoreTN,,1,0,0,0,0,0,0,39.99,16,14,White,,,16,i-359
1068,"Extreme Flare Jeans, Dark, White, Medium",TheMadHatterStoreTN,,2,0,0,0,0,0,0,39.99,16,16,White,,,16,i-360
1068,"Extreme Flare Jeans, Dark, White, Medium",TheMadHatterStoreTN,,1,0,0,0,0,0,0,39.99,16,18,White,,,16,i-361
1068,"Extreme Flare Jeans, Dark, White, Medium",TheMadHatterStoreTN,,0,0,0,0,0,0,0,39.99,16,20,White,,,16,i-362
1068,"Extreme Flare Jeans, Dark, White, Medium",TheMadHatterStoreTN,,0,0,0,0,0,0,0,39.99,16,22,White,,,16,i-363
1068,"Extreme Flare Jeans, Dark, White, Medium",TheMadHatterStoreTN,,1,0,0,0,0,0,0,39.99,16,14,Dark Wash,,,16,i-364
1068,"Extreme Flare Jeans, Dark, White, Medium",TheMadHatterStoreTN,,2,0,0,0,0,0,0,39.99,16,16,Dark Wash,,,16,i-365
1068,"Extreme Flare Jeans, Dark, White, Medium",TheMadHatterStoreTN,,0,0,0,0,0,0,0,39.99,16,18,Dark Wash,,,16,i-366
1068,"Extreme Flare Jeans, Dark, White, Medium",TheMadHatterStoreTN,,0,0,0,0,0,0,0,39.99,16,20,Dark Wash,,,16,i-367
1068,"Extreme Flare Jeans, Dark, White, Medium",TheMadHatterStoreTN,,0,0,0,0,0,0,0,39.99,16,22,Dark Wash,,,16,i-368
1068,"Extreme Flare Jeans, Dark, White, Medium",TheMadHatterStoreTN,,1,0,0,0,0,0,0,39.99,16,14,Medium Wash,,,16,i-369
1068,"Extreme Flare Jeans, Dark, White, Medium",TheMadHatterStoreTN,,2,0,0,0,0,0,0,39.99,16,16,Medium Wash,,,16,i-370
1068,"Extreme Flare Jeans, Dark, White, Medium",TheMadHatterStoreTN,,2,0,0,0,0,0,0,39.99,16,18,Medium Wash,,,16,i-371
1068,"Extreme Flare Jeans, Dark, White, Medium",TheMadHatterStoreTN,,0,0,0,0,0,0,0,39.99,16,20,Medium Wash,,,16,i-372
1068,"Extreme Flare Jeans, Dark, White, Medium",TheMadHatterStoreTN,,0,0,0,0,0,1,0,39.99,16,22,Medium Wash,,,16,i-373
1070,Black Long Necklace,TheMadHatterStoreTN,,1,0,0,0,0,0,0,28.99,14,,,,,16,i-248
1071,Sweet Summertime Necklace,TheMadHatterStoreTN,,1,0,0,0,0,0,0,28.99,14,,,,,16,i-249
1072,Horsehead Necklace,TheMadHatterStoreTN,,0,0,0,0,0,0,0,19.99,8.75,,Clear/White,,,16,i-250
1072,Horsehead Necklace,TheMadHatterStoreTN,,0,0,0,0,0,0,0,19.99,8.75,,Blue,,,16,i-251
1073,Round Emblem Necklace,TheMadHatterStoreTN,,0,0,0,0,0,0,0,26.99,0,,,,,16,i-252
1074,Fashion Statement Necklace,TheMadHatterStoreTN,,1,0,0,0,0,0,0,26.99,13,,,,,16,i-253
1075,Brown and Cream Necklace,TheMadHatterStoreTN,,1,0,0,0,0,0,0,28.99,0,,,,,16,i-254
1076,Leopard Soul Necklace,TheMadHatterStoreTN,,1,0,0,0,0,0,0,29.99,0,,,,,16,i-255
1077,Snakey Person Necklace,TheMadHatterStoreTN,,1,0,0,0,0,0,0,29.99,0,,,,,16,i-256
1078,Tassel Necklace,TheMadHatterStoreTN,,1,0,0,0,0,0,0,29.99,0,,,,,16,i-257
1079,Copper and Blue Necklace,TheMadHatterStoreTN,,2,0,0,0,0,0,0,28.99,0,,,,,16,i-258
1080,"No Hassel, Just Tassel Necklace",TheMadHatterStoreTN,,1,0,0,0,0,0,0,29.99,0,,Teal,,,16,i-259
1080,"No Hassel, Just Tassel Necklace",TheMadHatterStoreTN,,1,0,0,0,0,0,0,29.99,0,,Gray,,,16,i-260
1081,Sandy Beaches Necklace,TheMadHatterStoreTN,,1,0,0,0,0,0,0,32.99,0,,,,,16,i-261
1082,Black Night Necklace,TheMadHatterStoreTN,,1,0,0,0,0,0,0,27.99,0,,,,,16,i-262
1083,Black Frayed Scoop Hem Tank,TheMadHatterStoreTN,,2,0,0,0,0,0,0,38.99,17.25,XL,,,,0,i-539
1083,Black Frayed Scoop Hem Tank,TheMadHatterStoreTN,,2,0,0,0,0,0,0,38.99,17.25,1X,,,,16,i-263
1083,Black Frayed Scoop Hem Tank,TheMadHatterStoreTN,,0,0,0,0,0,0,0,38.99,17.25,2X,,,,16,i-264
1083,Black Frayed Scoop Hem Tank,TheMadHatterStoreTN,,0,0,0,0,0,0,0,38.99,17.25,3X,,,,16,i-265
1084,Wear Everywhere Tee,TheMadHatterStoreTN,,1,0,0,0,0,0,0,24.99,9.6,1X,,,,16,i-266
1084,Wear Everywhere Tee,TheMadHatterStoreTN,,1,0,0,0,0,0,0,24.99,9.6,2X,,,,16,i-267
1084,Wear Everywhere Tee,TheMadHatterStoreTN,,0,0,0,0,0,0,0,24.99,9.6,3X,,,,16,i-268
1085,Snakeskin Leggings,TheMadHatterStoreTN,,0,0,0,0,0,0,0,28.99,7.75,1X,,,,16,i-269
1085,Snakeskin Leggings,TheMadHatterStoreTN,,0,0,0,0,0,0,0,28.99,7.75,2X,,,,16,i-270
1085,Snakeskin Leggings,TheMadHatterStoreTN,,0,0,0,0,1,0,0,28.99,7.75,3X,,,,16,i-271
1086,Moto Leggings,TheMadHatterStoreTN,,2,0,0,0,0,0,0,32.99,13,XL,PINK,,,16,i-272
1086,Moto Leggings,TheMadHatterStoreTN,,3,0,0,0,0,0,0,32.99,13,XL,SEAFOAM,,,16,i-273
1086,Moto Leggings,TheMadHatterStoreTN,,0,0,0,0,0,0,0,32.99,13,1X,PINK,,,16,i-274
1086,Moto Leggings,TheMadHatterStoreTN,,1,0,0,0,0,0,0,32.99,13,1X,SEAFOAM,,,16,i-275
1086,Moto Leggings,TheMadHatterStoreTN,,0,0,0,0,0,1,0,32.99,13,2X,PINK,,,16,i-276
1086,Moto Leggings,TheMadHatterStoreTN,,0,0,0,0,0,0,0,32.99,13,2X,SEAFOAM,,,16,i-277
1087,Everyday Tank,TheMadHatterStoreTN,,3,0,0,0,0,0,0,19.99,0,1X,,,,16,i-278
1087,Everyday Tank,TheMadHatterStoreTN,,1,0,0,0,0,0,0,19.99,7.25,2X,,,,16,i-279
1087,Everyday Tank,TheMadHatterStoreTN,,1,0,0,0,0,0,0,19.99,7.25,3X,,,,16,i-280
1088,Tie Dye For Dress/Top *Final Sale*,TheMadHatterStoreTN,,2,0,0,0,0,0,0,34.99,18.75,XL,,,,16,i-281
1088,Tie Dye For Dress/Top *Final Sale*,TheMadHatterStoreTN,,2,0,0,0,0,0,0,34.99,18.75,1X,,,,16,i-282
1088,Tie Dye For Dress/Top *Final Sale*,TheMadHatterStoreTN,,1,0,0,0,0,0,0,34.99,18.75,2X,,,,16,i-283
2000,"Tie Dye Set, Hoodie Shirt",,,2,0,0,0,0,0,0,34.99,15.44,1X,Peach/Lavender,,,16,i-284
2000,"Tie Dye Set, Hoodie Shirt",,,0,0,0,0,0,0,0,34.99,15.44,2X,Peach/Lavender,,,16,i-285
2000,"Tie Dye Set, Hoodie Shirt",,,1,0,0,0,0,0,0,34.99,15.44,3X,Peach/Lavender,,,16,i-286
2001,"Tie Dye Set, Shorts",,,1,0,0,0,0,0,0,26.99,13.78,1X,Peach/Lavender,,,16,i-287
2001,"Tie Dye Set, Shorts",,,2,0,0,0,0,0,0,26.99,13.78,2X,Peach/Lavender,,,16,i-288
2001,"Tie Dye Set, Shorts",,,1,0,0,0,0,0,0,26.99,13.78,3X,Peach/Lavender,,,16,i-289
2002,V-Neck Throw On and Go,Heyson,HD1008P,2,0,0,0,0,0,0,32.99,13.5,1XL,BLACK,,,16,i-290
2002,V-Neck Throw On and Go,Heyson,HD1008P,1,0,0,0,0,0,0,32.99,13.5,2XL,BLACK,,,16,i-291
2002,V-Neck Throw On and Go,Heyson,HD1008P,0,0,0,0,0,0,0,32.99,13.5,3XL,BLACK,,,16,i-292
2004,Tie Dye Tunic *Final Sale*,Heyson,HD6158P,3,0,0,0,0,0,0,39.99,17,1X,Pink/Green,,,16,i-293
2004,Tie Dye Tunic *Final Sale*,Heyson,HD6158P,2,0,0,0,0,0,0,39.99,17,2X,Pink/Green,,,16,i-294
2004,Tie Dye Tunic *Final Sale*,Heyson,HD6158P,0,0,0,0,0,0,0,39.99,17,3X,Pink/Green,,,16,i-295
2003,V-Neck Collared Dress,Umgee,WA5437,2,0,0,0,0,0,0,39.99,17.25,XL,HOT PINK,,,16,i-296
2003,V-Neck Collared Dress,Umgee,WA5437,1,0,0,0,0,0,0,39.99,17.25,1X,HOT PINK,,,16,i-297
2003,V-Neck Collared Dress,Umgee,WA5437,0,0,0,0,0,0,0,39.99,17.25,2X,HOT PINK,,,16,i-298
2005,"Button Down Dress, Black",Umgee,WA5924,3,0,0,0,0,0,0,42.99,18.25,XL,BLACK,,,16,i-299
2005,"Button Down Dress, Black",Umgee,WA5924,2,0,0,0,0,0,0,42.99,18.25,1X,BLACK,,,16,i-300
2005,"Button Down Dress, Black",Umgee,WA5924,1,0,0,0,0,0,0,42.99,18.25,2X,BLACK,,,16,i-301
2006,Waffle Knit Tank,Umgee,WA6268,3,0,0,0,0,0,0,32,16.25,XL,BLACK,,,16,i-302
2006,Waffle Knit Tank,Umgee,WA6268,1,0,0,0,0,0,0,32,16.25,1X,BLACK,,,16,i-303
2006,Waffle Knit Tank,Umgee,WA6268,0,0,0,0,0,0,0,32,16.25,2X,BLACK,,,16,i-304
2007,"Fringed Hem High Low Top, Red",Umgee,WC1819,1,0,0,0,0,0,0,36.99,15.25,XL,Jester Red,,,0,i-305
2007,"Fringed Hem High Low Top, Red",Umgee,WC1819,0,0,0,0,0,0,0,36.99,15.25,1X,Jester Red,,,0,i-306
2007,"Fringed Hem High Low Top, Red",Umgee,WC1819,0,0,0,0,0,0,0,36.99,15.25,2X,Jester Red,,,0,i-307
2008,"Ruffle Trim Dress, Black",Umgee,WC1969,0,0,0,0,0,0,0,39.99,18.25,XL,BLACK,,,16,i-308
2008,"Ruffle Trim Dress, Black",Umgee,WC1969,0,0,0,0,0,0,0,39.99,18.25,1X,BLACK,,,16,i-309
2008,"Ruffle Trim Dress, Black",Umgee,WC1969,0,0,0,0,1,0,0,39.99,18.25,2X,BLACK,,,16,i-310
2009,Solid Basic Tops,Zenana,,0,0,0,0,0,0,0,16.99,6.5,1X,BLACK,,,16,i-311
2009,Solid Basic Tops,Zenana,,0,0,0,0,0,0,0,16.99,6.5,2X,BLACK,,,16,i-312
2009,Solid Basic Tops,Zenana,,0,0,0,0,0,0,0,16.99,6.5,3X,BLACK,,,16,i-313
2009,Solid Basic Tops,Zenana,,1,0,0,0,0,0,0,16.99,6.5,1X,OLIVE,,,16,i-314
2009,Solid Basic Tops,Zenana,,2,0,0,0,0,0,0,16.99,6.5,2X,OLIVE,,,16,i-315
2009,Solid Basic Tops,Zenana,,0,0,0,0,0,0,0,16.99,6.5,3X,OLIVE,,,16,i-316
2009,Solid Basic Tops,Zenana,,1,0,0,0,0,0,0,16.99,6.5,1X,DUSTY PINK,,,16,i-317
2009,Solid Basic Tops,Zenana,,1,0,0,0,0,0,0,16.99,6.5,2X,DUSTY PINK,,,16,i-318
2009,Solid Basic Tops,Zenana,,0,0,0,0,0,0,0,16.99,6.5,3X,DUSTY PINK,,,16,i-319
2009,Solid Basic Tops,Zenana,,1,0,0,0,0,0,0,16.99,6.5,1X,DEEP CORAL,,,16,i-320
2009,Solid Basic Tops,Zenana,,0,0,0,0,0,0,0,16.99,6.5,2X,DEEP CORAL,,,16,i-321
2009,Solid Basic Tops,Zenana,,1,0,0,0,0,0,0,16.99,6.5,3X,DEEP CORAL,,,16,i-322
2009,Solid Basic Tops,Zenana,,1,0,0,0,0,0,0,16.99,6.5,1X,LIME GREEN,,,16,i-323
2009,Solid Basic Tops,Zenana,,2,0,0,0,0,0,0,16.99,6.5,2X,LIME GREEN,,,16,i-324
2009,Solid Basic Tops,Zenana,,0,0,0,0,0,0,0,16.99,6.5,3X,LIME GREEN,,,16,i-325
2010,"Short Sleeve Sweatshirt, Black",Zenana,TT-39022X,3,0,0,0,0,0,0,26.99,6.5,1X,BLACK,,,16,i-326
2010,"Short Sleeve Sweatshirt, Black",Zenana,TT-39022X,1,0,0,0,0,0,0,26.99,6.5,2X,BLACK,,,16,i-327
2010,"Short Sleeve Sweatshirt, Black",Zenana,TT-39022X,0,0,0,0,1,0,0,26.99,6.5,3X,BLACK,,,16,i-328
2011,"Perfect Summer Tank, Black",Zenana,RT-3150XBA,1,0,0,0,0,0,0,19.99,6,1X,BLACK,,,16,i-329
2011,"Perfect Summer Tank, Black",Zenana,RT-3150XBA,0,0,0,0,0,0,0,19.99,6,2X,BLACK,,,16,i-330
2011,"Perfect Summer Tank, Black",Zenana,RT-3150XBA,1,0,0,0,0,0,0,19.99,6,3X,BLACK,,,16,i-331
2012,Tie Dye Leggings,Sunday Morning,SMP6048BX,2,0,0,0,0,0,0,26.99,8.75,1X,Navy/White,,,16,i-332
2012,Tie Dye Leggings,Sunday Morning,SMP6048BX,0,0,0,0,0,0,0,26.99,8.75,2X,Navy/White,,,16,i-333
2012,Tie Dye Leggings,Sunday Morning,SMP6048BX,0,0,0,0,0,0,0,26.99,8.75,3X,Navy/White,,,16,i-334
2012,Tie Dye Leggings,Sunday Morning,SMP6048BX,0,0,0,0,0,0,0,26.99,8.75,1X,Gray/Black Mix,,,16,i-335
2012,Tie Dye Leggings,Sunday Morning,SMP6048BX,1,0,0,0,0,0,0,26.99,8.75,2X,Gray/Black Mix,,,16,i-336
2012,Tie Dye Leggings,Sunday Morning,SMP6048BX,0,0,0,0,0,0,0,26.99,8.75,3X,Gray/Black Mix,,,16,i-337
2013,Leopard Capri Leggings,Sunday Morning,SP6103X,0,0,0,0,0,1,0,26.99,8.75,1X,BLACK,,,16,i-338
2013,Leopard Capri Leggings,Sunday Morning,SP6103X,0,0,0,0,0,0,0,26.99,8.75,2X,BLACK,,,16,i-339
2013,Leopard Capri Leggings,Sunday Morning,SP6103X,0,0,0,0,0,0,0,26.99,8.75,3X,BLACK,,,16,i-340
2014,Shimmer Leopard Earrings *Final Sale*,,,2,0,0,0,0,0,0,22.99,10,One Size,Gold,,,6,i-341
2015,Leopard Faux Fur Earrings *Final Sale*,,,2,0,0,0,0,0,0,22.99,10,One Size,Multi,,,8,i-342
2016,Tooled Leather Earrings *Final Sale*,,,0,0,0,0,0,0,0,22.99,10,One Size,Turquoise,,,8,i-343
2017,Leather Leopard Earrings *Final Sale*,,,1,0,0,0,0,0,0,22.99,10,One Size,Tan,,,8,i-344
2018,Faux Fur Charmed Earrings *Final Sale*,,,1,0,0,0,0,0,0,24.99,12,One Size,White/Brown,,,8,i-345
2019,Faux Fur Charmed Earrings *Final Sale*,,,2,0,0,0,0,0,0,24.99,12,One Size,,,,0,i-346
2020,Summertime Earrings *Final Sale*,,,1,0,0,0,0,0,0,22.99,10,One Size,Silver,,,0,i-347
2021,Simple Bracelet Sets *Final Sale*,,,0,0,0,0,0,0,0,9.99,4,One Size,Gold/Brown,,,8,i-348
2021,Simple Bracelet Sets *Final Sale*,,,1,0,0,0,0,0,0,9.99,4,One Size,Blush/Gray,,,8,i-349
2022,Follow Your Arrow Bracelet Set *Final Sale*,,,1,0,0,0,0,0,0,24.99,12,One Size,Black,,,10,i-350
2023,Summer Go To *Final Sale*,,,0,0,0,0,0,0,0,32,16,One Size,,,,10,i-351
2024,White Sandy Beaches *Final Sale*,,,2,0,0,0,0,0,0,24.99,12,One Size,White,,,10,i-352
2025,Clear Skies Bracelet Sets *Final Sale*,,,1,0,0,0,0,0,0,24.99,12,One Size,Clear,,,10,i-353
2026,Bling It On Bracelet Set *Final Sale*,,,1,0,0,0,0,0,0,24.99,12,One Size,Blush,,,10,i-354
2027,Drop the Mic Bracelet Set,,,1,0,0,0,0,0,0,32.99,16,One Size,Blush/Turquoise,,,16,i-355
2028,Leopard LV Upcycled Wristlet,,,1,0,0,0,0,0,0,98,68,6 inches by 9 inches,Brown Leopard,,,16,i-356
2029,Upcycled LV Wristlets,,,1,0,0,0,0,0,0,60,40,4 inches by 6.5 inches,White Crocodile,,,16,i-357
2029,Upcycled LV Wristlets,,,0,0,0,0,0,0,0,60,40,4 inches by 6.5 inches,Tooled Leather,,,16,i-358
2030,Tie Dye Baby,Oddi,IT13467P,3,0,0,0,0,0,0,39.99,17.5,XL/2X,Pastel,,,0,i-374
2030,Tie Dye Baby,Oddi,IT13467P,3,0,0,0,0,0,0,39.99,17.5,XL/3X,Pastel,,,0,i-375
2031,Solid Pullover with Raw Hem,Oddi,IT14118P,2,0,0,0,0,0,0,39.99,16.5,1X,OATMEAL,,,0,i-376
2031,Solid Pullover with Raw Hem,Oddi,IT14118P,2,0,0,0,0,0,0,39.99,16.5,2X,OATMEAL,,,0,i-377
2031,Solid Pullover with Raw Hem,Oddi,IT14118P,1,0,0,0,0,0,0,39.99,16.5,3X,OATMEAL,,,0,i-378
2032,All Over Leopard Set,,,0,0,0,0,0,0,0,49.99,23.5,1XL,,,,0,i-379
2032,All Over Leopard Set,,,1,0,0,0,0,0,0,49.99,23.5,2XL,,,,0,i-380
2032,All Over Leopard Set,,,1,0,0,0,0,0,0,49.99,23.5,3XL,,,,0,i-381
2033,"Judy Blue Capris, White",Judy Blue,,1,0,0,0,0,0,0,42.99,20.5,14W,White,,,16,i-382
2033,"Judy Blue Capris, White",Judy Blue,,2,0,0,0,0,0,0,42.99,20.5,16W,White,,,16,i-383
2033,"Judy Blue Capris, White",Judy Blue,,2,0,0,0,0,0,0,42.99,20.5,18W,White,,,16,i-384
2033,"Judy Blue Capris, White",Judy Blue,,1,0,0,0,0,0,0,42.99,20.5,20W,White,,,16,i-385
2033,"Judy Blue Capris, White",Judy Blue,,1,0,0,0,0,0,0,42.99,20.5,22W,White,,,16,i-386
2034,"LOVE T-Shirt, Off-White",,,3,0,0,0,0,0,0,34.99,14.75,1X,,,,16,i-387
2034,"LOVE T-Shirt, Off-White",,,2,0,0,0,0,0,0,34.99,14.75,2X,,,,16,i-388
2034,"LOVE T-Shirt, Off-White",,,0,0,0,0,0,0,0,34.99,14.75,3X,,,,16,i-389
2035,"Western Women Tee, Natural",,,2,0,0,0,0,0,0,35.99,17,XL,,,,0,i-390
2035,"Western Women Tee, Natural",,,2,0,0,0,0,0,0,35.99,17,2X,,,,0,i-391
2035,"Western Women Tee, Natural",,,1,0,0,0,1,0,0,35.99,17,3X,,,,0,i-392
2036,"Sings My Soul Tee, Natural",,,0,0,0,0,0,0,0,35.99,17,XL,,,,0,i-393
2036,"Sings My Soul Tee, Natural",,,1,0,0,0,0,0,0,35.99,17,2X,,,,0,i-394
2036,"Sings My Soul Tee, Natural",,,2,0,0,0,0,0,0,35.99,17,3X,,,,0,i-395
2037,"Vintage Soul Tee, Natural",,,1,0,0,0,0,0,0,35.99,17,XL,,,,0,i-396
2037,"Vintage Soul Tee, Natural",,,2,0,0,0,0,0,0,35.99,17,2X,,,,0,i-397
2037,"Vintage Soul Tee, Natural",,,0,0,0,0,0,0,0,35.99,17,3X,,,,0,i-398
2039,"One-Shoulder, Short Bow Sleeve Top",,,1,0,0,0,0,0,0,32.99,14.9,1X,,,,0,i-399
2039,"One-Shoulder, Short Bow Sleeve Top",,,2,0,0,0,0,0,0,32.99,14.9,2X,,,,0,i-400
2039,"One-Shoulder, Short Bow Sleeve Top",,,1,0,0,0,0,0,0,32.99,14.9,3X,,,,0,i-401
2038,Leopard Smoke Bracelets *Final Sale*,Pink Panache,,0,0,0,0,0,0,0,32,16,One Size,,,,0,i-402
2040,Bronze Elegance Earrings *Final Sale*,Pink Panache,,1,0,0,0,0,0,0,30,15,One Size,,,,0,i-403
2041,Bronze and Pearl Teardrop Earrings *Final Sale*,Pink Panache,,0,0,0,0,0,0,0,32,16,One Size,,,,0,i-404
2042,Iridescent Bronze Earrings *Final Sale*,Pink Panache,,2,0,0,0,0,0,0,44,22,One Size,,,,0,i-405
2043,Pink Bronze Leopard Earrings *Final Sale*,Pink Panache,,1,0,0,0,0,0,0,44,22,One Size,,,,0,i-406
2044,Blingy Bronze Earrings *Final Sale*,Pink Panache,,2,0,0,0,0,0,0,30,15,One Size,,,,0,i-407
2045,Pearly Pink Earrings *Final Sale*,Pink Panache,,1,0,0,0,0,0,0,34,17,One Size,,,,0,i-408
2046,Pearly White Earrings *Final Sale*,Pink Panache,,1,0,0,0,0,0,0,34,17,One Size,,,,0,i-409
2047,Rose Gold Beauty Earrings *Final Sale*,Pink Panache,,1,0,0,0,0,0,0,26,13,One Size,,,,0,i-410
2048,Mini Crystal Bling Earrings *Final Sale*,Pink Panache,,2,0,0,0,0,0,0,26,13,One Size,,,,0,i-411
2049,Bronze Teardrop Necklace *Final Sale*,Pink Panache,,0,0,0,0,0,0,0,38,19,One Size,,,,0,i-412
2050,Pearly Bronze Bling *Final Sale*,Pink Panache,,2,0,0,0,0,0,0,46,23,One Size,,,,0,i-413
2051,Blingy Bronze Necklace *Final Sale*,Pink Panache,,2,0,0,0,0,0,0,46,23,One Size,,,,0,i-414
2052,Knotted Leopard Necklace *Final Sale*,Pink Panache,,1,0,0,0,0,0,0,46,23,One Size,,,,0,i-415
2053,Crystal and Pearl Necklace *Final Sale*,Pink Panache,,2,0,0,0,0,0,0,40,20,One Size,,,,0,i-416
2054,Rose Gold Beauty Necklace *Final Sale*,Pink Panache,,1,0,0,0,0,0,0,48,24,One Size,,,,0,i-417
2055,Teardrop Bling Necklace *Final Sale*,Pink Panache,,1,0,0,0,0,0,0,48,24,One Size,,,,0,i-418
2056,Santa Fe Lovin' Necklace *Final Sale*,Pink Panache,,1,0,0,0,0,0,0,48,24,One Size,,,,0,i-419
2057,Pearly Bronze Elegance Necklace *Final Sale*,Pink Panache,,1,0,0,0,0,0,0,38,19,One Size,,,,0,i-420
2058,Crystal Drop Earrings *Final Sale*,Pink Panache,,0,0,0,0,0,0,0,28,14,One Size,,,,0,i-421
2059,Iridescent Leopard Earrings *Final Sale*,Pink Panache,,1,0,0,0,0,0,0,28,14,One Size,,,,0,i-422
2060,Black Beauty Earrings *Final Sale*,Pink Panache,,1,0,0,0,0,0,0,28,14,One Size,,,,0,i-423
2062,Simply Silver Earrings *Final Sale*,Pink Panache,,0,0,0,0,0,0,0,28,14,One Size,,,,0,i-425
2063,Bronze Leopard Necklace *Final Sale*,Pink Panache,,1,0,0,0,0,0,0,28,14,One Size,,,,0,i-426
2065,Leopard Fringe Necklace *Final Sale*,Pink Panache,,1,0,0,0,0,0,0,28,14,One Size,,,,0,i-428
2066,Simply Silver Necklace *Final Sale*,Pink Panache,,0,0,0,0,0,0,0,28,14,One Size,,,,0,i-429
2067,"Babydoll Dreams, Navy, Ash Gray",Zenana,,2,0,0,0,0,0,0,18,6,1X,Navy,,,16,i-430
2067,"Babydoll Dreams, Navy, Ash Gray",Zenana,,1,0,0,0,0,0,0,18,6,2X,Navy,,,16,i-431
2067,"Babydoll Dreams, Navy, Ash Gray",Zenana,,0,0,0,0,1,0,0,18,6,3X,Navy,,,16,i-432
2067,"Babydoll Dreams, Navy, Ash Gray",Zenana,,2,0,0,0,0,0,0,18,6,1X,Ash Gray,,,16,i-433
2067,"Babydoll Dreams, Navy, Ash Gray",Zenana,,0,0,0,0,1,0,0,18,6,2X,Ash Gray,,,16,i-434
2067,"Babydoll Dreams, Navy, Ash Gray",Zenana,,0,0,0,0,0,1,0,18,6,3X,Ash Gray,,,16,i-435
2068,Fresh Cotton Leggings,Zenana,,2,0,0,0,0,0,0,15,3.95,1X,,,,16,i-436
2068,Fresh Cotton Leggings,Zenana,,0,0,0,0,0,0,0,15,3.95,2X,,,,16,i-437
2068,Fresh Cotton Leggings,Zenana,,0,0,0,0,1,0,0,15,3.95,3X,,,,16,i-438
2069,Blackjack Romper,Zenana,,1,0,0,0,0,0,0,25,7.5,1X,,,,0,i-439
2069,Blackjack Romper,Zenana,,0,0,0,0,0,0,0,25,7.5,2X,,,,0,i-440
2069,Blackjack Romper,Zenana,,1,0,0,0,0,0,0,25,7.5,3X,,,,0,i-441
2070,Rolled Sleeve Tunic,Zenana,,0,0,0,0,0,0,0,20,6.25,1X,,,,0,i-442
2070,Rolled Sleeve Tunic,Zenana,,0,0,0,0,0,0,0,20,6.25,2X,,,,0,i-443
2070,Rolled Sleeve Tunic,Zenana,,0,0,0,0,0,1,0,20,6.25,3X,,,,0,i-444
2071,Classy But Sassy Top,,,3,0,0,0,0,0,0,25,8.25,1X,,,,0,i-445
2071,Classy But Sassy Top,,,2,0,0,0,0,0,0,25,8.25,2X,,,,0,i-446
2071,Classy But Sassy Top,,,1,0,0,0,0,0,0,25,8.25,3X,,,,0,i-447
2072,Strappy Summer Sandals,,,1,0,0,0,0,0,0,24.99,8.5,6,,,,0,i-448
2072,Strappy Summer Sandals,,,0,0,0,0,0,0,0,24.99,8.5,6.5,,,,0,i-449
2072,Strappy Summer Sandals,,,1,0,0,0,0,0,0,24.99,8.5,7,,,,0,i-450
2072,Strappy Summer Sandals,,,1,0,0,0,0,0,0,24.99,8.5,7.5,,,,0,i-451
2072,Strappy Summer Sandals,,,1,0,0,0,0,0,0,24.99,8.5,8,,,,0,i-452
2072,Strappy Summer Sandals,,,1,0,0,0,0,0,0,24.99,8.5,8.5,,,,0,i-453
2072,Strappy Summer Sandals,,,0,0,0,0,0,0,0,24.99,8.5,9,,,,0,i-454
2072,Strappy Summer Sandals,,,0,0,0,0,0,0,0,24.99,8.5,10,,,,0,i-455
2073,Simple Summer Sandal,,,1,0,0,0,0,0,0,24.99,8.5,6,,,,0,i-456
2073,Simple Summer Sandal,,,1,0,0,0,0,0,0,24.99,8.5,6.5,,,,0,i-457
2073,Simple Summer Sandal,,,2,0,0,0,0,0,0,24.99,8.5,7,,,,0,i-458
2073,Simple Summer Sandal,,,1,0,0,0,0,0,0,24.99,8.5,7.5,,,,0,i-459
2073,Simple Summer Sandal,,,3,0,0,0,0,0,0,24.99,8.5,8,,,,0,i-460
2073,Simple Summer Sandal,,,1,0,0,0,0,0,0,24.99,8.5,8.5,,,,0,i-461
2073,Simple Summer Sandal,,,1,0,0,0,0,0,0,24.99,8.5,9,,,,0,i-462
2073,Simple Summer Sandal,,,1,0,0,0,0,0,0,24.99,8.5,10,,,,0,i-463
2074,Judy Blue Super Stretch Skinny,Judy Blue,8390PL,0,0,0,0,0,0,0,54,23,1XL,,,,16,i-464
2074,Judy Blue Super Stretch Skinny,Judy Blue,8390PL,0,0,0,0,0,0,0,54,23,2XL,,,,16,i-465
2074,Judy Blue Super Stretch Skinny,Judy Blue,8390PL,1,0,0,0,0,0,0,54,23,3XL,,,,16,i-466
2075,Judy Blue No Destroy Skinny Jeans,Judy Blue,82201PL,0,0,0,0,0,0,0,54,19,14W,,,,16,i-467
2075,Judy Blue No Destroy Skinny Jeans,Judy Blue,82201PL,1,0,0,0,0,0,0,54,19,16W,,,,16,i-468
2075,Judy Blue No Destroy Skinny Jeans,Judy Blue,82201PL,1,0,0,0,0,0,0,54,19,18W,,,,16,i-469
2075,Judy Blue No Destroy Skinny Jeans,Judy Blue,82201PL,2,0,0,0,0,0,0,54,19,20W,,,,16,i-470
2075,Judy Blue No Destroy Skinny Jeans,Judy Blue,82201PL,2,0,0,0,0,0,0,54,19,22W,,,,16,i-471
2076,Judy Blue Galaxy Shorts,,,0,0,0,0,0,0,0,45,16.25,1XL,,,,16,i-472
2076,Judy Blue Galaxy Shorts,,,2,0,0,0,0,0,0,45,16.25,2XL,,,,16,i-473
2076,Judy Blue Galaxy Shorts,,,0,0,0,0,0,0,0,45,16.25,3XL,,,,16,i-474
2077,High Horse Tee *Final Sale*,,,2,0,0,0,0,0,0,34,16.5,XL,,,,10,i-475
2077,High Horse Tee *Final Sale*,,,2,0,0,0,0,0,0,34,16.5,2X,,,,10,i-476
2077,High Horse Tee *Final Sale*,,,1,0,0,0,1,0,0,34,16.5,3X,,,,10,i-477
2078,Head Heifer Tee,,,0,0,0,0,0,0,0,34,16.5,XL,,,,10,i-478
2078,Head Heifer Tee,,,2,0,0,0,0,0,0,34,16.5,2X,,,,10,i-479
2078,Head Heifer Tee,,,2,0,0,0,0,0,0,34,16.5,3X,,,,10,i-480
2079,Ruffle Tiered Dress,Umgee,WA5365,3,0,0,0,0,0,0,40,19.25,XL,,,,0,i-481
2079,Ruffle Tiered Dress,Umgee,WA5365,1,0,0,0,0,0,0,40,19.25,1X,,,,0,i-482
2079,Ruffle Tiered Dress,Umgee,WA5365,1,0,0,0,0,0,0,40,19.25,2X,,,,0,i-483
2080,Ruffled Dreams,,,3,0,0,0,0,0,0,38,16.75,1X,,,,0,i-484
2080,Ruffled Dreams,,,1,0,0,0,1,0,0,38,16.75,2X,,,,0,i-485
2080,Ruffled Dreams,,,1,0,0,0,0,0,0,38,16.75,3X,,,,0,i-486
2081,Wild and Rowdy Tee,,,2,0,0,0,0,0,0,32,15,XL,,,,0,i-487
2081,Wild and Rowdy Tee,,,2,0,0,0,0,0,0,32,15,2XL,,,,0,i-488
2082,She's Fierce Earrings,,,2,0,0,0,0,0,0,18,6,,,,,0,i-489
2083,Rainbow Sprinkle Earrings,,,1,0,0,0,0,0,0,24,8,,,,,0,i-490
2084,Ray of Sunshine Earrings,,,1,0,0,0,0,0,0,19.5,6.5,,,,,0,i-491
2086,Red Hot Earrings,,,2,0,0,0,0,0,0,20,8,,,,,0,i-492
2087,Seaside Earrings,,,1,0,0,0,0,0,0,16.5,5.5,,,,,0,i-493
2088,Sunset Earrings,,,1,0,0,0,0,0,0,19.5,6.5,,,,,0,i-494
2085,Pretty in Pink,,,1,0,0,0,0,0,0,16.5,5.5,,,,,0,i-495
2089,Turquoise Sea Earrings,,,1,0,0,0,0,0,0,24,8,,,,,0,i-496
2090,Golden Horizon Earrings,,,1,0,0,0,0,0,0,19.5,6,,,,,0,i-497
2091,Birthday Cake Earrings,,,2,0,0,0,0,0,0,20,8,,,,,0,i-498
2092,Circus Hoops Earrings,,,0,0,0,0,0,0,0,11,4.25,,,,,0,i-499
2093,All That Jazz Earrings,,,1,0,0,0,0,0,0,19,7.5,,,,,0,i-500
2094,Blue Soul Earrings,,,1,0,0,0,0,0,0,10,4,,,,,0,i-501
2095,Golden Rose Sparkle Earrings,,,0,0,0,0,1,0,0,18,6,,,,,0,i-502
2096,Sandy Sea Earrings,,,2,0,0,0,0,0,0,21.5,8,,,,,0,i-503
2097,All The Spots Earrings,,,1,0,0,0,0,0,0,15,5,,,,,0,i-504
2098,Flirty Earrings,,,1,0,0,0,0,0,0,24,8,,,,,0,i-505
2099,Feeling Fancy Earrings,,,1,0,0,0,0,0,0,24,8,,,,,0,i-506
3000,Pearly and Pretty Earrings,,,0,0,0,0,0,0,0,24,8,,,,,0,i-507
3001,Summer Dreams Earrings,,,2,0,0,0,0,0,0,24,8,,,,,0,i-508
3002,Flared Fringe Earrings,,,1,0,0,0,0,0,0,19.5,6.5,,,,,0,i-509
3003,Leopard Fun Earrings,,,1,0,0,0,0,0,0,18,6,,,,,0,i-510
3004,Tassel Bracelet Set,,,1,0,0,0,0,0,0,25,10,,,,,0,i-511
3005,Long Live Summer Bracelet Set,,,0,0,0,0,0,0,0,24,9.5,,,,,0,i-512
3006,Black Night Bracelet Set,,,0,0,0,0,0,0,0,24,9.5,,,,,0,i-513
3007,Summer Nights Bracelet Set,,,1,0,0,0,0,0,0,15,6,,,,,0,i-514
3008,Leopard Card Keychain,,,1,0,0,0,0,0,0,15,8,,,,,0,i-515
3009,Cow Print Card Keychain,,,1,0,0,0,0,0,0,15,8,,,,,0,i-516
3010,Laced-Up Bralette,,,3,0,0,0,0,0,0,28,13.75,XL,,,,0,i-517
3010,Laced-Up Bralette,,,2,0,0,0,0,0,0,28,13.75,2X,,,,0,i-518
3010,Laced-Up Bralette,,,0,0,0,0,0,1,0,28,13.75,3X,,,,0,i-519
3011,"Strappy Bralette, White",,,2,0,0,0,0,0,0,18,4,1X/2X,,,,0,i-520
3011,"Strappy Bralette, White",,,3,0,0,0,0,0,0,18,4,2X/3X,,,,0,i-521
3012,"Strappy Bralette, Gray",,,2,0,0,0,0,0,0,18,4,1X/2X,,,,0,i-522
3012,"Strappy Bralette, Gray",,,3,0,0,0,0,0,0,18,4,2X/3X,,,,0,i-523
3013,"Biker Shorts, Black",,,2,0,0,0,0,0,0,15,2.8,1X,,,,0,i-524
3013,"Biker Shorts, Black",,,2,0,0,0,0,0,0,15,2.8,2X,,,,0,i-525
3013,"Biker Shorts, Black",,,0,0,0,0,0,0,0,15,2.8,3X,,,,0,i-526
3014,"Flowy Summer Top, Mint",Zenana,QT-2617X-I,3,0,0,0,0,0,0,22,7,1X,,,,0,i-527
3014,"Flowy Summer Top, Mint",Zenana,QT-2617X-I,2,0,0,0,0,0,0,22,7,2X,,,,0,i-528
3014,"Flowy Summer Top, Mint",Zenana,QT-2617X-I,0,0,0,0,0,0,0,22,7,3X,,,,0,i-529
3015,"Flowy Summer, Spring Blue",,,2,0,0,0,0,0,0,22,7,1X,,,,0,i-530
3015,"Flowy Summer, Spring Blue",,,1,0,0,0,0,0,0,22,7,2X,,,,0,i-531
3015,"Flowy Summer, Spring Blue",,,1,0,0,0,0,0,0,22,7,3X,,,,0,i-532
3016,"Rolled Sleeve Tunic, Gray",,,3,0,0,0,0,0,0,20,6.25,1X,,,,11,i-533
3016,"Rolled Sleeve Tunic, Gray",,,1,0,0,0,0,0,0,20,6.25,2X,,,,11,i-534
3016,"Rolled Sleeve Tunic, Gray",,,0,0,0,0,1,0,0,20,6.25,3X,,,,11,i-535
3017,"Fringed Hem High Low Top, Caramel",Umgee,WC1819,3,0,0,0,0,0,0,36.99,15.25,XL,,,,0,i-536
3017,"Fringed Hem High Low Top, Caramel",Umgee,WC1819,1,0,0,0,0,0,0,36.99,15.25,1X,,,,0,i-537
3017,"Fringed Hem High Low Top, Caramel",Umgee,WC1819,0,0,0,0,0,0,0,36.99,15.25,2X,,,,0,i-538
3018,Grace T-Shirt,,,1,0,0,0,0,0,0,40,20,2XL,,,,0,i-540
3019,"Love Tee, Embroidered",,,1,0,0,0,0,0,0,25,10,XL,,,,0,i-541
3020,Leopard Lady Top,Oddi,T64115P,2,0,0,0,0,0,0,35,15.5,1X,,,,0,i-542
3020,Leopard Lady Top,Oddi,T64115P,2,0,0,0,0,0,0,35,15.5,2X,,,,0,i-543
3020,Leopard Lady Top,Oddi,T64115P,2,0,0,0,0,0,0,35,15.5,3X,,,,0,i-544
3021,"Camo Joggers, Off White",Oddi,P80123P,2,0,0,0,0,0,0,30,14.9,1X,,,,16,i-545
3021,"Camo Joggers, Off White",Oddi,P80123P,2,0,0,0,0,0,0,30,14.9,2X,,,,16,i-546
3021,"Camo Joggers, Off White",Oddi,P80123P,2,0,0,0,0,0,0,30,14.9,3X,,,,16,i-547
3022,"Camo Joggers, Gray",Oddi,P80123P,2,0,0,0,0,0,0,30,14.9,1X,,,,16,i-548
3022,"Camo Joggers, Gray",Oddi,P80123P,2,0,0,0,0,0,0,30,14.9,2X,,,,16,i-549
3022,"Camo Joggers, Gray",Oddi,P80123P,2,0,0,0,0,0,0,30,14.9,3X,,,,16,i-550
3023,Smile and Wink Dress,Oddi,D21031P,2,0,0,0,0,0,0,37,17.5,1X,,,,16,i-551
3023,Smile and Wink Dress,Oddi,D21031P,2,0,0,0,0,0,0,37,17.5,2X,,,,16,i-552
3023,Smile and Wink Dress,Oddi,D21031P,2,0,0,0,0,0,0,37,17.5,3X,,,,16,i-553
3024,Camo Lovin' Top,Haptics,XHT1537C,2,0,0,0,0,0,0,28,12.95,1X,,,,16,i-554
3024,Camo Lovin' Top,Haptics,XHT1537C,2,0,0,0,0,0,0,28,12.95,2X,,,,16,i-555
3024,Camo Lovin' Top,Haptics,XHT1537C,2,0,0,0,0,0,0,28,12.95,3X,,,,16,i-556
3025,"Solid Capri Leggings, Mocha",By Together,,9,0,0,0,0,0,0,10,1,One Size,,,,10,i-557
3026,"Solid Capri Leggings, Navy",,,9,0,0,0,0,0,0,10,1,One Size,,,,10,i-558
3027,"Solid Capri Leggings, Ivory",By Together,,10,0,0,0,0,0,0,10,1,One Size,,,,0,i-559
3028,"Solid Capri Leggings, White",By Together,,9,0,0,0,0,0,0,10,1,One Size,,,,0,i-560
3029,Summer Go To Bandeau,By Together,,10,0,0,0,0,0,0,10,1,One Size,,,,0,i-561
3030,"Never Sinking Tote, Red",Hana,,1,0,0,0,0,0,0,22,9.5,,,,,16,i-562
3031,"Never Sinking Tote, Navy",Hana,MB0030,1,0,0,0,0,0,0,22,9.5,,,,,16,i-563
3032,"Summer Clutch, Coral",,,2,0,0,0,0,0,0,16,6,,,,,10,i-564
3033,Leopard Flag Tote Bag,,,2,0,0,0,0,0,0,18,6.5,,,,,0,i-565
3034,"Never Ending Summer Tote, Brown",Hana,,3,0,0,0,0,0,0,20,6,,,,,16,i-566
3035,"Never Ending Summer Tote, Black",Hana,,3,0,0,0,0,0,0,20,6,,,,,16,i-567
3036,Silver Sand Tote Bag,,,2,0,0,0,0,0,0,20,8.25,,,,,16,i-568
3037,Gold Sand Tote Bag,,,1,0,0,0,0,0,0,20,8.25,,,,,16,i-569
3038,"Solid Capri Leggings, Brown",By Together,,10,0,0,0,0,0,0,10,1,One Size,,,,0,i-570
3039,Cheetah Yellowstone Tee,,,1,0,0,0,0,0,0,32,17,,,,,0,i-571
3040,Horsemen Tee,,,1,0,0,0,0,0,0,32,17,XL,,,,0,i-572
3040,Horsemen Tee,,,1,0,0,0,0,0,0,32,17,2X,,,,0,i-573
3041,GRACE Graphic Tee,,,1,0,0,0,0,0,0,32,17,2X,,,,0,i-574
3042,Tell Your Mountains Tee,,,1,0,0,0,0,0,0,32,17,2X,,,,16,i-575
3043,Stars and Stripes Tee,,,2,0,0,0,0,0,0,32,18,2X,,,,0,i-576
3043,Stars and Stripes Tee,,,2,0,0,0,0,0,0,32,18,3X,,,,0,i-577
3044,Amen Tee,,,2,0,0,0,0,0,0,32,18,XL,,,,16,i-578
3044,Amen Tee,,,2,0,0,0,0,0,0,32,18,2X,,,,16,i-579
3044,Amen Tee,,,2,0,0,0,0,0,0,32,18,3X,,,,16,i-580